"date","store_id","current_inventory_value","inventory_days","stock_turn_rate","expiry_wastage_exposure","schedule6_dispensing_auditability","chronic_patient_basket_penetration","reorder_risk_index","store_service_risk"
"2025-01-01","ST001","2692575.11","24.22","1.2799","0.0","1.0","0.1109","0.0954","0.011"
"2025-01-01","ST002","1542844.65","24.14","1.2842","0.0","1.0","0.0627","0.0951","0.0094"
"2025-01-01","ST003","1410970.19","24.74","1.253","0.0","1.0","0.0913","0.0929","0.0059"
"2025-01-01","ST004","2795487.76","24.61","1.2597","0.0","1.0","0.1282","0.0929","0.0106"
"2025-01-01","ST005","1432472.26","24.52","1.2643","0.0","1.0","0.194","0.0915","0.0084"
"2025-01-01","ST006","1486271.63","23.63","1.3121","0.0","1.0","0.0428","0.0896","0.0109"
"2025-01-01","ST007","1627370.39","42.01","0.738","0.0","1.0","0.0542","0.0847","0.0118"
"2025-01-01","ST008","937635.92","40.46","0.7662","0.0","1.0","0.0357","0.0916","0.004"
"2025-01-01","ST009","1604383.82","42.25","0.7337","0.0","1.0","0.068","0.0881","0.0076"
"2025-01-01","ST010","782275.2","41.22","0.752","0.0","1.0","0.0225","0.0879","0.0107"
"2025-01-01","ST011","1163938.69","41.57","0.7457","0.0","1.0","0.0574","0.0888","0.0043"
"2025-01-01","ST012","828916.46","41.53","0.7464","0.0","1.0","0.1275","0.094","0.0083"
"2025-01-01","ST013","1529255.14","42.71","0.7258","0.0","1.0","0.0667","0.091","0.012"
"2025-01-01","ST014","1047215.47","42.21","0.7344","0.0","1.0","0.093","0.085","0.014"
"2025-01-01","ST015","1233745.64","41.39","0.7489","0.0","1.0","0.1226","0.0912","0.0096"
"2025-01-01","ST016","654237.61","41.14","0.7535","0.0","1.0","0.0411","0.0886","0.0033"
"2025-01-01","ST017","1969768.77","43.3","0.7159","0.0","1.0","0.0638","0.0921","0.0143"
"2025-01-01","ST018","814773.91","40.9","0.7579","0.0","1.0","0.0685","0.0908","0.0063"
"2025-01-01","ST019","643079.79","77.04","0.4024","0.0","1.0","0.1429","0.0834","0.0186"
"2025-01-01","ST020","1144337.1","79.97","0.3876","0.0","1.0","0.127","0.088","0.0091"
"2025-01-01","ST021","508858.42","76.61","0.4046","0.0","1.0","0.0625","0.0885","0.0116"
"2025-01-01","ST022","533416.4","73.35","0.4226","0.0","1.0","0.1944","0.0887","0.0098"
"2025-01-01","ST023","1046860.45","78.73","0.3938","0.0","1.0","0.0244","0.085","0.0095"
"2025-01-01","ST024","1079468.84","80.37","0.3857","0.0","1.0","0.0263","0.0897","0.0096"
"2025-01-01","ST025","539679.78","80.5","0.3851","0.0","1.0","0.1212","0.0837","0.0121"
"2025-01-02","ST001","1193996.54","24.22","1.2799","0.0","1.0","0.0884","0.0953","0.0025"
"2025-01-02","ST002","1764947.2","24.14","1.2842","0.0","1.0","0.094","0.0921","0.006"
"2025-01-02","ST003","3399929.98","24.74","1.253","0.0","1.0","0.0777","0.094","0.0092"
"2025-01-02","ST004","2618993.84","24.61","1.2597","0.0","1.0","0.0781","0.0946","0.0095"
"2025-01-02","ST005","1767061.35","24.52","1.2643","0.0","1.0","0.1328","0.0921","0.0102"
"2025-01-02","ST006","2061171.87","23.63","1.3121","0.0","1.0","0.0571","0.0911","0.0064"
"2025-01-02","ST007","886284.97","42.01","0.738","0.0","1.0","0.012","0.0956","0.0029"
"2025-01-02","ST008","1166763.72","40.46","0.7662","0.0","1.0","0.0704","0.0926","0.007"
"2025-01-02","ST009","921996.86","42.25","0.7337","0.0","1.0","0.163","0.093","0.0026"
"2025-01-02","ST010","1647533.69","41.22","0.752","0.0","1.0","0.0308","0.0882","0.0102"
"2025-01-02","ST011","589414.84","41.57","0.7457","0.0","1.0","0.1071","0.0842","0.01"
"2025-01-02","ST012","1059828.27","41.53","0.7464","0.0","1.0","0.0545","0.0917","0.0027"
"2025-01-02","ST013","663230.45","42.71","0.7258","0.0","1.0","0.0864","0.0988","0.0111"
"2025-01-02","ST014","1513442.31","42.21","0.7344","0.0","1.0","0.0872","0.0858","0.0032"
"2025-01-02","ST015","608675.84","41.39","0.7489","0.0","1.0","0.1346","0.0862","0.0011"
"2025-01-02","ST016","1444970.45","41.14","0.7535","0.0","1.0","0.06","0.0882","0.0075"
"2025-01-02","ST017","1842338.24","43.3","0.7159","0.0","1.0","0.035","0.0905","0.0125"
"2025-01-02","ST018","1754412.71","40.9","0.7579","0.0","1.0","0.0718","0.0917","0.0048"
"2025-01-02","ST019","561628.29","77.04","0.4024","0.0","1.0","0.2381","0.0831","0.0049"
"2025-01-02","ST020","769212.41","79.97","0.3876","0.0","1.0","0.1707","0.0833","0.0161"
"2025-01-02","ST021","669568.29","76.61","0.4046","0.0","1.0","0.0909","0.0854","0.0176"
"2025-01-02","ST022","528552.24","73.35","0.4226","0.0","1.0","0.1667","0.0857","0.0063"
"2025-01-02","ST023","855758.26","78.73","0.3938","0.0","1.0","0.0682","0.0895","0.009"
"2025-01-02","ST024","508144.26","80.37","0.3857","0.0","1.0","0.0","0.09","0.003"
"2025-01-02","ST025","703550.53","80.5","0.3851","0.0","1.0","0.0952","0.0879","0.0067"
"2025-01-03","ST001","3485464.46","24.22","1.2799","0.0","1.0","0.0606","0.0937","0.0062"
"2025-01-03","ST002","1988994.99","24.14","1.2842","0.0","1.0","0.054","0.0919","0.0068"
"2025-01-03","ST003","3474219.61","24.74","1.253","0.0","1.0","0.0599","0.0952","0.0058"
"2025-01-03","ST004","3567160.06","24.61","1.2597","0.0","1.0","0.074","0.093","0.0092"
"2025-01-03","ST005","2717344.8","24.52","1.2643","0.0","1.0","0.1208","0.0935","0.007"
"2025-01-03","ST006","2347292.53","23.63","1.3121","0.0","1.0","0.0809","0.0928","0.0091"
"2025-01-03","ST007","727972.53","42.01","0.738","0.0","1.0","0.04","0.0895","0.0092"
"2025-01-03","ST008","836578.99","40.46","0.7662","0.0","1.0","0.098","0.091","0.0008"
"2025-01-03","ST009","1441195.95","42.25","0.7337","0.0","1.0","0.0963","0.0912","0.0056"
"2025-01-03","ST010","1333242.49","41.22","0.752","0.0","1.0","0.1858","0.0899","0.0109"
"2025-01-03","ST011","1180874.46","41.57","0.7457","0.0","1.0","0.1269","0.0915","0.0069"
"2025-01-03","ST012","583988.32","41.53","0.7464","0.0","1.0","0.1111","0.0944","0.0037"
"2025-01-03","ST013","749733.61","42.71","0.7258","0.0","1.0","0.037","0.0948","0.0087"
"2025-01-03","ST014","1441198.99","42.21","0.7344","0.0","1.0","0.0577","0.0941","0.0044"
"2025-01-03","ST015","883267.34","41.39","0.7489","0.0","1.0","0.1136","0.0905","0.0097"
"2025-01-03","ST016","1571001.4","41.14","0.7535","0.0","1.0","0.1304","0.0886","0.0085"
"2025-01-03","ST017","1547253.21","43.3","0.7159","0.0","1.0","0.0741","0.0935","0.0078"
"2025-01-03","ST018","1372878.18","40.9","0.7579","0.0","1.0","0.0963","0.0935","0.0031"
"2025-01-03","ST019","533249.95","77.04","0.4024","0.0","1.0","0.0","0.0852","0.0188"
"2025-01-03","ST020","745144.31","79.97","0.3876","0.0","1.0","0.1778","0.0862","0.012"
"2025-01-03","ST021","764156.47","76.61","0.4046","0.0","1.0","0.0909","0.0885","0.0042"
"2025-01-03","ST022","503541.98","73.35","0.4226","0.0","1.0","0.1034","0.0859","0.0124"
"2025-01-03","ST023","624483.21","78.73","0.3938","0.0","1.0","0.0556","0.0917","0.0183"
"2025-01-03","ST024","571640.18","80.37","0.3857","0.0","1.0","0.0714","0.0891","0.015"
"2025-01-03","ST025","1139212.43","80.5","0.3851","0.0","1.0","0.1522","0.0863","0.0081"
"2025-01-04","ST001","1729825.29","24.22","1.2799","0.0","1.0","0.1071","0.0946","0.0054"
"2025-01-04","ST002","1331169.57","24.14","1.2842","0.0","1.0","0.0532","0.0889","0.0047"
"2025-01-04","ST003","2032751.21","24.74","1.253","0.0","1.0","0.092","0.0966","0.0065"
"2025-01-04","ST004","1853652.28","24.61","1.2597","0.0","1.0","0.1355","0.093","0.0105"
"2025-01-04","ST005","2335320.18","24.52","1.2643","0.0","1.0","0.12","0.0967","0.0093"
"2025-01-04","ST006","1128110.38","23.63","1.3121","0.0","1.0","0.0476","0.095","0.0048"
"2025-01-04","ST007","1344673.99","42.01","0.738","0.0","1.0","0.0966","0.0877","0.0086"
"2025-01-04","ST008","1022825.57","40.46","0.7662","0.0","1.0","0.041","0.0905","0.0082"
"2025-01-04","ST009","1413982.72","42.25","0.7337","0.0","1.0","0.0548","0.0876","0.0058"
"2025-01-04","ST010","716973.52","41.22","0.752","0.0","1.0","0.1282","0.0837","0.0069"
"2025-01-04","ST011","1607981.01","41.57","0.7457","0.0","1.0","0.0594","0.0906","0.0104"
"2025-01-04","ST012","1462026.82","41.53","0.7464","0.0","1.0","0.0895","0.0951","0.0051"
"2025-01-04","ST013","1368382.78","42.71","0.7258","0.0","1.0","0.1353","0.091","0.0062"
"2025-01-04","ST014","1477885.17","42.21","0.7344","0.0","1.0","0.0777","0.0917","0.0082"
"2025-01-04","ST015","1747583.03","41.39","0.7489","0.0","1.0","0.0489","0.0919","0.0084"
"2025-01-04","ST016","612977.73","41.14","0.7535","0.0","1.0","0.04","0.0933","0.0172"
"2025-01-04","ST017","1197649.08","43.3","0.7159","0.0","1.0","0.0667","0.0925","0.0116"
"2025-01-04","ST018","769895.9","40.9","0.7579","0.0","1.0","0.0921","0.0927","0.0139"
"2025-01-04","ST019","1071086.55","77.04","0.4024","0.0","1.0","0.0526","0.0893","0.0094"
"2025-01-04","ST020","748425.0","79.97","0.3876","0.0","1.0","0.0816","0.0872","0.0056"
"2025-01-04","ST021","494362.6","76.61","0.4046","0.0","1.0","0.0","0.0832","0.0084"
"2025-01-04","ST022","591702.63","73.35","0.4226","0.0","1.0","0.1176","0.0854","0.0036"
"2025-01-04","ST023","523942.57","78.73","0.3938","0.0","1.0","0.037","0.085","0.0104"
"2025-01-04","ST024","943501.23","80.37","0.3857","0.0","1.0","0.2826","0.0883","0.0102"
"2025-01-04","ST025","663406.65","80.5","0.3851","0.0","1.0","0.0513","0.086","0.0126"
"2025-01-05","ST001","1864843.12","24.22","1.2799","0.0","1.0","0.081","0.098","0.0097"
"2025-01-05","ST002","3196600.28","24.14","1.2842","0.0","1.0","0.0679","0.0964","0.0062"
"2025-01-05","ST003","1352497.62","24.74","1.253","0.0","1.0","0.0505","0.0969","0.0074"
"2025-01-05","ST004","3110826.71","24.61","1.2597","0.0","1.0","0.0801","0.0959","0.008"
"2025-01-05","ST005","2311249.92","24.52","1.2643","0.0","1.0","0.0647","0.0927","0.0108"
"2025-01-05","ST006","3523111.73","23.63","1.3121","0.0","1.0","0.0587","0.0941","0.0078"
"2025-01-05","ST007","1683094.69","42.01","0.738","0.0","1.0","0.0809","0.0927","0.0098"
"2025-01-05","ST008","935917.63","40.46","0.7662","0.0","1.0","0.0824","0.0861","0.0033"
"2025-01-05","ST009","1738268.11","42.25","0.7337","0.0","1.0","0.095","0.0899","0.0063"
"2025-01-05","ST010","585702.74","41.22","0.752","0.0","1.0","0.087","0.0911","0.0168"
"2025-01-05","ST011","1538928.32","41.57","0.7457","0.0","1.0","0.0946","0.0913","0.0092"
"2025-01-05","ST012","1316394.56","41.53","0.7464","0.0","1.0","0.1","0.0898","0.0046"
"2025-01-05","ST013","1354770.23","42.71","0.7258","0.0","1.0","0.2077","0.094","0.0098"
"2025-01-05","ST014","667707.94","42.21","0.7344","0.0","1.0","0.0488","0.0907","0.0114"
"2025-01-05","ST015","955728.94","41.39","0.7489","0.0","1.0","0.0584","0.0899","0.0135"
"2025-01-05","ST016","1605391.79","41.14","0.7535","0.0","1.0","0.057","0.0922","0.0153"
"2025-01-05","ST017","1436846.71","43.3","0.7159","0.0","1.0","0.1014","0.0896","0.0133"
"2025-01-05","ST018","1718901.09","40.9","0.7579","0.0","1.0","0.0772","0.0906","0.0097"
"2025-01-05","ST019","864180.29","77.04","0.4024","0.0","1.0","0.037","0.0895","0.0036"
"2025-01-05","ST020","567625.18","79.97","0.3876","0.0","1.0","0.1852","0.0828","0.0086"
"2025-01-05","ST021","484847.71","76.61","0.4046","0.0","1.0","0.087","0.0858","0.0069"
"2025-01-05","ST022","525870.29","73.35","0.4226","0.0","1.0","0.0769","0.087","0.003"
"2025-01-05","ST023","539468.78","78.73","0.3938","0.0","1.0","0.0465","0.0892","0.0093"
"2025-01-05","ST024","937300.36","80.37","0.3857","0.0","1.0","0.125","0.0874","0.0094"
"2025-01-05","ST025","652824.66","80.5","0.3851","0.0","1.0","0.0556","0.0917","0.0104"
"2025-01-06","ST001","1638568.56","24.22","1.2799","0.0","1.0","0.0575","0.0924","0.0066"
"2025-01-06","ST002","2374217.3","24.14","1.2842","0.0","1.0","0.0616","0.096","0.0043"
"2025-01-06","ST003","1508619.94","24.74","1.253","0.0","1.0","0.0942","0.0916","0.0096"
"2025-01-06","ST004","1267151.39","24.61","1.2597","0.0","1.0","0.1509","0.0916","0.0168"
"2025-01-06","ST005","3405263.79","24.52","1.2643","0.0","1.0","0.1089","0.0954","0.0078"
"2025-01-06","ST006","1839405.05","23.63","1.3121","0.0","1.0","0.0627","0.0973","0.0091"
"2025-01-06","ST007","1560088.01","42.01","0.738","0.0","1.0","0.0638","0.0898","0.0064"
"2025-01-06","ST008","734432.03","40.46","0.7662","0.0","1.0","0.0874","0.0967","0.0114"
"2025-01-06","ST009","583692.18","42.25","0.7337","0.0","1.0","0.0233","0.0881","0.0056"
"2025-01-06","ST010","1462840.25","41.22","0.752","0.0","1.0","0.1094","0.0915","0.0097"
"2025-01-06","ST011","1823357.35","41.57","0.7457","0.0","1.0","0.1134","0.0899","0.0117"
"2025-01-06","ST012","1470601.97","41.53","0.7464","0.0","1.0","0.109","0.0919","0.0034"
"2025-01-06","ST013","1271873.98","42.71","0.7258","0.0","1.0","0.0855","0.0905","0.0102"
"2025-01-06","ST014","1226483.08","42.21","0.7344","0.0","1.0","0.0775","0.0907","0.0022"
"2025-01-06","ST015","1702611.28","41.39","0.7489","0.0","1.0","0.0963","0.0937","0.0086"
"2025-01-06","ST016","881947.03","41.14","0.7535","0.0","1.0","0.0606","0.0905","0.0052"
"2025-01-06","ST017","1156396.63","43.3","0.7159","0.0","1.0","0.0877","0.092","0.0061"
"2025-01-06","ST018","1374050.28","40.9","0.7579","0.0","1.0","0.0276","0.0889","0.0083"
"2025-01-06","ST019","477244.65","77.04","0.4024","0.0","1.0","0.0","0.0853","0.0053"
"2025-01-06","ST020","535459.95","79.97","0.3876","0.0","1.0","0.0769","0.0891","0.0068"
"2025-01-06","ST021","483787.89","76.61","0.4046","0.0","1.0","0.04","0.0898","0.014"
"2025-01-06","ST022","754878.32","73.35","0.4226","0.0","1.0","0.1515","0.0857","0.006"
"2025-01-06","ST023","781991.97","78.73","0.3938","0.0","1.0","0.0833","0.0842","0.0036"
"2025-01-06","ST024","807252.72","80.37","0.3857","0.0","1.0","0.0571","0.0866","0.0083"
"2025-01-06","ST025","1125541.56","80.5","0.3851","0.0","1.0","0.0545","0.0888","0.0134"
"2025-01-07","ST001","2625328.65","24.22","1.2799","0.0","1.0","0.0953","0.0931","0.0052"
"2025-01-07","ST002","2291748.66","24.14","1.2842","0.0","1.0","0.1065","0.0941","0.0048"
"2025-01-07","ST003","1898019.43","24.74","1.253","0.0","1.0","0.1124","0.0939","0.0097"
"2025-01-07","ST004","3365729.24","24.61","1.2597","0.0","1.0","0.084","0.0928","0.0104"
"2025-01-07","ST005","3155008.86","24.52","1.2643","0.0","1.0","0.0768","0.095","0.0046"
"2025-01-07","ST006","1150061.69","23.63","1.3121","0.0","1.0","0.137","0.099","0.0095"
"2025-01-07","ST007","510140.36","42.01","0.738","0.0","1.0","0.1525","0.0895","0.0076"
"2025-01-07","ST008","1688684.61","40.46","0.7662","0.0","1.0","0.0493","0.0923","0.0046"
"2025-01-07","ST009","1293416.26","42.25","0.7337","0.0","1.0","0.1","0.0907","0.0073"
"2025-01-07","ST010","978000.69","41.22","0.752","0.0","1.0","0.0183","0.0923","0.0034"
"2025-01-07","ST011","1063006.88","41.57","0.7457","0.0","1.0","0.1064","0.0923","0.0065"
"2025-01-07","ST012","1000133.91","41.53","0.7464","0.0","1.0","0.0233","0.0887","0.0077"
"2025-01-07","ST013","1734996.4","42.71","0.7258","0.0","1.0","0.0745","0.0909","0.0037"
"2025-01-07","ST014","1410329.13","42.21","0.7344","0.0","1.0","0.1293","0.0897","0.0102"
"2025-01-07","ST015","1461440.16","41.39","0.7489","0.0","1.0","0.046","0.0915","0.0059"
"2025-01-07","ST016","1438822.32","41.14","0.7535","0.0","1.0","0.0651","0.087","0.007"
"2025-01-07","ST017","1958219.83","43.3","0.7159","0.0","1.0","0.0724","0.0902","0.0085"
"2025-01-07","ST018","1529101.56","40.9","0.7579","0.0","1.0","0.1011","0.0908","0.0102"
"2025-01-07","ST019","1046788.2","77.04","0.4024","0.0","1.0","0.0862","0.0873","0.0094"
"2025-01-07","ST020","993438.33","79.97","0.3876","0.0","1.0","0.0847","0.0859","0.0065"
"2025-01-07","ST021","540849.94","76.61","0.4046","0.0","1.0","0.0645","0.0876","0.005"
"2025-01-07","ST022","692721.15","73.35","0.4226","0.0","1.0","0.2083","0.0905","0.0056"
"2025-01-07","ST023","496358.81","78.73","0.3938","0.0","1.0","0.0","0.0811","0.0071"
"2025-01-07","ST024","1018908.09","80.37","0.3857","0.0","1.0","0.093","0.0896","0.0094"
"2025-01-07","ST025","622530.96","80.5","0.3851","0.0","1.0","0.0263","0.0901","0.0091"
"2025-01-08","ST001","1010839.09","24.22","1.2799","0.0","1.0","0.102","0.0949","0.0087"
"2025-01-08","ST002","1825140.29","24.14","1.2842","0.0","1.0","0.0667","0.0977","0.0089"
"2025-01-08","ST003","1685712.74","24.74","1.253","0.0","1.0","0.1087","0.0918","0.0089"
"2025-01-08","ST004","1346085.89","24.61","1.2597","0.0","1.0","0.0805","0.0937","0.0107"
"2025-01-08","ST005","1494372.52","24.52","1.2643","0.0","1.0","0.0627","0.0909","0.0094"
"2025-01-08","ST006","2113823.05","23.63","1.3121","0.0","1.0","0.0899","0.0976","0.0074"
"2025-01-08","ST007","1621079.07","42.01","0.738","0.0","1.0","0.0564","0.0918","0.0111"
"2025-01-08","ST008","1479186.67","40.46","0.7662","0.0","1.0","0.0408","0.0859","0.0056"
"2025-01-08","ST009","1855554.36","42.25","0.7337","0.0","1.0","0.092","0.0904","0.0077"
"2025-01-08","ST010","1060146.85","41.22","0.752","0.0","1.0","0.0354","0.0884","0.008"
"2025-01-08","ST011","1498314.17","41.57","0.7457","0.0","1.0","0.0909","0.0912","0.0096"
"2025-01-08","ST012","737083.56","41.53","0.7464","0.0","1.0","0.1739","0.0877","0.0051"
"2025-01-08","ST013","1857447.61","42.71","0.7258","0.0","1.0","0.0625","0.0899","0.0135"
"2025-01-08","ST014","1067639.39","42.21","0.7344","0.0","1.0","0.0588","0.0895","0.0061"
"2025-01-08","ST015","891804.54","41.39","0.7489","0.0","1.0","0.1023","0.0935","0.0052"
"2025-01-08","ST016","1750015.59","41.14","0.7535","0.0","1.0","0.0769","0.0881","0.0089"
"2025-01-08","ST017","1507659.15","43.3","0.7159","0.0","1.0","0.062","0.0871","0.0149"
"2025-01-08","ST018","1055235.75","40.9","0.7579","0.0","1.0","0.0597","0.0911","0.0139"
"2025-01-08","ST019","1014059.38","77.04","0.4024","0.0","1.0","0.0784","0.088","0.0158"
"2025-01-08","ST020","610007.78","79.97","0.3876","0.0","1.0","0.1538","0.0915","0.0014"
"2025-01-08","ST021","675134.42","76.61","0.4046","0.0","1.0","0.1961","0.0888","0.0039"
"2025-01-08","ST022","993626.37","73.35","0.4226","0.0","1.0","0.0847","0.0882","0.0074"
"2025-01-08","ST023","995325.94","78.73","0.3938","0.0","1.0","0.0455","0.0856","0.0066"
"2025-01-08","ST024","511114.72","80.37","0.3857","0.0","1.0","0.0588","0.0901","0.0159"
"2025-01-08","ST025","791677.57","80.5","0.3851","0.0","1.0","0.0","0.0883","0.0065"
"2025-01-09","ST001","1994966.56","24.22","1.2799","0.0","1.0","0.0665","0.0934","0.0085"
"2025-01-09","ST002","2691574.61","24.14","1.2842","0.0","1.0","0.0988","0.0941","0.0083"
"2025-01-09","ST003","1839938.95","24.74","1.253","0.0","1.0","0.1082","0.0954","0.0103"
"2025-01-09","ST004","3346938.62","24.61","1.2597","0.0","1.0","0.0676","0.0931","0.0039"
"2025-01-09","ST005","3222368.05","24.52","1.2643","0.0","1.0","0.1066","0.0932","0.0056"
"2025-01-09","ST006","3255545.29","23.63","1.3121","0.0","1.0","0.1149","0.0929","0.0041"
"2025-01-09","ST007","736158.04","42.01","0.738","0.0","1.0","0.0824","0.0875","0.0124"
"2025-01-09","ST008","1744423.35","40.46","0.7662","0.0","1.0","0.0629","0.0928","0.0072"
"2025-01-09","ST009","619968.94","42.25","0.7337","0.0","1.0","0.0152","0.093","0.0077"
"2025-01-09","ST010","1643819.13","41.22","0.752","0.0","1.0","0.0743","0.0901","0.0055"
"2025-01-09","ST011","499089.81","41.57","0.7457","0.0","1.0","0.0339","0.0906","0.0036"
"2025-01-09","ST012","1682930.24","41.53","0.7464","0.0","1.0","0.0659","0.0907","0.0075"
"2025-01-09","ST013","959953.08","42.71","0.7258","0.0","1.0","0.1579","0.0944","0.0083"
"2025-01-09","ST014","1319038.54","42.21","0.7344","0.0","1.0","0.0803","0.0908","0.0092"
"2025-01-09","ST015","1524125.67","41.39","0.7489","0.0","1.0","0.0632","0.0908","0.0135"
"2025-01-09","ST016","1689688.21","41.14","0.7535","0.0","1.0","0.0778","0.0935","0.0125"
"2025-01-09","ST017","1076562.37","43.3","0.7159","0.0","1.0","0.0885","0.093","0.0042"
"2025-01-09","ST018","1749555.16","40.9","0.7579","0.0","1.0","0.0746","0.0906","0.0129"
"2025-01-09","ST019","760181.02","77.04","0.4024","0.0","1.0","0.2093","0.0895","0.0118"
"2025-01-09","ST020","964815.31","79.97","0.3876","0.0","1.0","0.037","0.0831","0.007"
"2025-01-09","ST021","977139.62","76.61","0.4046","0.0","1.0","0.0526","0.0884","0.0049"
"2025-01-09","ST022","988960.03","73.35","0.4226","0.0","1.0","0.3617","0.0851","0.01"
"2025-01-09","ST023","980713.71","78.73","0.3938","0.0","1.0","0.1045","0.088","0.0139"
"2025-01-09","ST024","511607.34","80.37","0.3857","0.0","1.0","0.0811","0.0831","0.0064"
"2025-01-09","ST025","729882.8","80.5","0.3851","0.0","1.0","0.1429","0.092","0.0096"
"2025-01-10","ST001","1914060.08","24.22","1.2799","0.0","1.0","0.1024","0.0947","0.0043"
"2025-01-10","ST002","2827942.2","24.14","1.2842","0.0","1.0","0.0928","0.0936","0.0066"
"2025-01-10","ST003","3277255.84","24.74","1.253","0.0","1.0","0.0798","0.0954","0.0108"
"2025-01-10","ST004","2847557.68","24.61","1.2597","0.0","1.0","0.0835","0.0952","0.0062"
"2025-01-10","ST005","1966082.43","24.52","1.2643","0.0","1.0","0.0816","0.094","0.0092"
"2025-01-10","ST006","3673329.11","23.63","1.3121","0.0","1.0","0.0713","0.0953","0.0075"
"2025-01-10","ST007","934123.5","42.01","0.738","0.0","1.0","0.0777","0.0892","0.0073"
"2025-01-10","ST008","1515322.94","40.46","0.7662","0.0","1.0","0.0495","0.0923","0.0044"
"2025-01-10","ST009","1212491.86","42.25","0.7337","0.0","1.0","0.071","0.0911","0.0044"
"2025-01-10","ST010","1367734.17","41.22","0.752","0.0","1.0","0.1118","0.0892","0.0088"
"2025-01-10","ST011","1781519.95","41.57","0.7457","0.0","1.0","0.071","0.0898","0.0072"
"2025-01-10","ST012","1542823.8","41.53","0.7464","0.0","1.0","0.0976","0.0902","0.0076"
"2025-01-10","ST013","1730017.06","42.71","0.7258","0.0","1.0","0.0806","0.0903","0.0117"
"2025-01-10","ST014","924486.44","42.21","0.7344","0.0","1.0","0.1136","0.091","0.0061"
"2025-01-10","ST015","1758750.82","41.39","0.7489","0.0","1.0","0.0807","0.0905","0.013"
"2025-01-10","ST016","1014949.38","41.14","0.7535","0.0","1.0","0.0932","0.086","0.0077"
"2025-01-10","ST017","499320.75","43.3","0.7159","0.0","1.0","0.0462","0.0951","0.0063"
"2025-01-10","ST018","1588362.54","40.9","0.7579","0.0","1.0","0.0633","0.0911","0.009"
"2025-01-10","ST019","479798.8","77.04","0.4024","0.0","1.0","0.0769","0.0906","0.0159"
"2025-01-10","ST020","590143.44","79.97","0.3876","0.0","1.0","0.075","0.0911","0.0121"
"2025-01-10","ST021","609624.06","76.61","0.4046","0.0","1.0","0.0781","0.0881","0.0"
"2025-01-10","ST022","550957.51","73.35","0.4226","0.0","1.0","0.0588","0.0941","0.0053"
"2025-01-10","ST023","911962.56","78.73","0.3938","0.0","1.0","0.1923","0.0933","0.0094"
"2025-01-10","ST024","872210.07","80.37","0.3857","0.0","1.0","0.1091","0.0887","0.0062"
"2025-01-10","ST025","946076.06","80.5","0.3851","0.0","1.0","0.0645","0.0869","0.0092"
"2025-01-11","ST001","2167597.44","24.22","1.2799","0.0","1.0","0.0974","0.096","0.0056"
"2025-01-11","ST002","2372361.11","24.14","1.2842","0.0","1.0","0.0509","0.0938","0.0066"
"2025-01-11","ST003","2808610.42","24.74","1.253","0.0","1.0","0.069","0.0952","0.0119"
"2025-01-11","ST004","2063857.72","24.61","1.2597","0.0","1.0","0.0974","0.0917","0.0117"
"2025-01-11","ST005","1259615.32","24.52","1.2643","0.0","1.0","0.0542","0.094","0.0076"
"2025-01-11","ST006","1704302.47","23.63","1.3121","0.0","1.0","0.0847","0.0953","0.0075"
"2025-01-11","ST007","1564192.75","42.01","0.738","0.0","1.0","0.1111","0.088","0.0072"
"2025-01-11","ST008","798775.41","40.46","0.7662","0.0","1.0","0.0708","0.0941","0.009"
"2025-01-11","ST009","1758824.18","42.25","0.7337","0.0","1.0","0.0896","0.0914","0.0119"
"2025-01-11","ST010","1889169.12","41.22","0.752","0.0","1.0","0.0588","0.0912","0.0087"
"2025-01-11","ST011","625650.55","41.57","0.7457","0.0","1.0","0.1867","0.0907","0.0044"
"2025-01-11","ST012","1298415.53","41.53","0.7464","0.0","1.0","0.0588","0.0912","0.0072"
"2025-01-11","ST013","573863.5","42.71","0.7258","0.0","1.0","0.0597","0.0907","0.01"
"2025-01-11","ST014","1114667.95","42.21","0.7344","0.0","1.0","0.1118","0.0902","0.0057"
"2025-01-11","ST015","1628405.3","41.39","0.7489","0.0","1.0","0.0682","0.0916","0.0063"
"2025-01-11","ST016","1067659.71","41.14","0.7535","0.0","1.0","0.1085","0.088","0.0067"
"2025-01-11","ST017","1449099.2","43.3","0.7159","0.0","1.0","0.1071","0.0918","0.0112"
"2025-01-11","ST018","1629479.19","40.9","0.7579","0.0","1.0","0.0943","0.094","0.0083"
"2025-01-11","ST019","656478.57","77.04","0.4024","0.0","1.0","0.0976","0.0857","0.012"
"2025-01-11","ST020","878548.55","79.97","0.3876","0.0","1.0","0.0175","0.0864","0.0101"
"2025-01-11","ST021","536286.17","76.61","0.4046","0.0","1.0","0.0667","0.089","0.0064"
"2025-01-11","ST022","762075.83","73.35","0.4226","0.0","1.0","0.1029","0.0872","0.0013"
"2025-01-11","ST023","609635.22","78.73","0.3938","0.0","1.0","0.0385","0.0885","0.0135"
"2025-01-11","ST024","515756.94","80.37","0.3857","0.0","1.0","0.0571","0.0854","0.0154"
"2025-01-11","ST025","715552.12","80.5","0.3851","0.0","1.0","0.093","0.0906","0.0037"
"2025-01-12","ST001","1517114.76","24.22","1.2799","0.0","1.0","0.0728","0.0926","0.0043"
"2025-01-12","ST002","1739847.31","24.14","1.2842","0.0","1.0","0.0695","0.0941","0.0071"
"2025-01-12","ST003","3303862.02","24.74","1.253","0.0","1.0","0.0689","0.0943","0.0094"
"2025-01-12","ST004","2692389.36","24.61","1.2597","0.0","1.0","0.0647","0.0933","0.0099"
"2025-01-12","ST005","3458268.19","24.52","1.2643","0.0","1.0","0.0826","0.0928","0.0074"
"2025-01-12","ST006","3105578.75","23.63","1.3121","0.0","1.0","0.0772","0.0921","0.0057"
"2025-01-12","ST007","1078321.18","42.01","0.738","0.0","1.0","0.0738","0.0922","0.0105"
"2025-01-12","ST008","1210166.95","40.46","0.7662","0.0","1.0","0.1234","0.0909","0.0067"
"2025-01-12","ST009","1507984.24","42.25","0.7337","0.0","1.0","0.1124","0.091","0.0052"
"2025-01-12","ST010","1915393.62","41.22","0.752","0.0","1.0","0.073","0.0893","0.0066"
"2025-01-12","ST011","1261008.05","41.57","0.7457","0.0","1.0","0.0629","0.0907","0.0032"
"2025-01-12","ST012","1403474.14","41.53","0.7464","0.0","1.0","0.1118","0.0917","0.011"
"2025-01-12","ST013","1005258.78","42.71","0.7258","0.0","1.0","0.0472","0.095","0.0174"
"2025-01-12","ST014","1293318.2","42.21","0.7344","0.0","1.0","0.043","0.0889","0.0094"
"2025-01-12","ST015","1095213.22","41.39","0.7489","0.0","1.0","0.0484","0.09","0.0079"
"2025-01-12","ST016","536358.0","41.14","0.7535","0.0","1.0","0.0652","0.0898","0.0084"
"2025-01-12","ST017","808543.6","43.3","0.7159","0.0","1.0","0.0385","0.0906","0.0038"
"2025-01-12","ST018","1225797.82","40.9","0.7579","0.0","1.0","0.0719","0.0925","0.0059"
"2025-01-12","ST019","536845.95","77.04","0.4024","0.0","1.0","0.0938","0.0902","0.007"
"2025-01-12","ST020","531180.8","79.97","0.3876","0.0","1.0","0.0357","0.0903","0.009"
"2025-01-12","ST021","881187.07","76.61","0.4046","0.0","1.0","0.0161","0.0855","0.0027"
"2025-01-12","ST022","536672.23","73.35","0.4226","0.0","1.0","0.2105","0.0831","0.0078"
"2025-01-12","ST023","727711.37","78.73","0.3938","0.0","1.0","0.0702","0.088","0.0154"
"2025-01-12","ST024","858670.06","80.37","0.3857","0.0","1.0","0.0208","0.0871","0.0067"
"2025-01-12","ST025","744242.72","80.5","0.3851","0.0","1.0","0.0909","0.0899","0.0093"
"2025-01-13","ST001","2179071.18","24.22","1.2799","0.0","1.0","0.0959","0.0931","0.0151"
"2025-01-13","ST002","3168310.98","24.14","1.2842","0.0","1.0","0.0621","0.0932","0.0073"
"2025-01-13","ST003","2973180.75","24.74","1.253","0.0","1.0","0.0749","0.0921","0.0073"
"2025-01-13","ST004","2423247.72","24.61","1.2597","0.0","1.0","0.0706","0.0942","0.008"
"2025-01-13","ST005","3488506.67","24.52","1.2643","0.0","1.0","0.0771","0.0954","0.0083"
"2025-01-13","ST006","2473391.94","23.63","1.3121","0.0","1.0","0.0746","0.0925","0.0082"
"2025-01-13","ST007","651536.88","42.01","0.738","0.0","1.0","0.125","0.0949","0.0082"
"2025-01-13","ST008","1232386.24","40.46","0.7662","0.0","1.0","0.0364","0.0927","0.008"
"2025-01-13","ST009","732506.23","42.25","0.7337","0.0","1.0","0.0886","0.089","0.0111"
"2025-01-13","ST010","1233103.81","41.22","0.752","0.0","1.0","0.0797","0.0893","0.0055"
"2025-01-13","ST011","928609.61","41.57","0.7457","0.0","1.0","0.0526","0.0898","0.0118"
"2025-01-13","ST012","563502.98","41.53","0.7464","0.0","1.0","0.0469","0.0872","0.0106"
"2025-01-13","ST013","1680414.7","42.71","0.7258","0.0","1.0","0.0874","0.0909","0.0082"
"2025-01-13","ST014","1576939.1","42.21","0.7344","0.0","1.0","0.0698","0.0913","0.0026"
"2025-01-13","ST015","607175.7","41.39","0.7489","0.0","1.0","0.0108","0.0957","0.0043"
"2025-01-13","ST016","1457504.52","41.14","0.7535","0.0","1.0","0.0987","0.0911","0.0072"
"2025-01-13","ST017","2015499.37","43.3","0.7159","0.0","1.0","0.1366","0.0901","0.0095"
"2025-01-13","ST018","1706735.9","40.9","0.7579","0.0","1.0","0.0825","0.0958","0.0086"
"2025-01-13","ST019","1102722.31","77.04","0.4024","0.0","1.0","0.0857","0.0851","0.0097"
"2025-01-13","ST020","517613.48","79.97","0.3876","0.0","1.0","0.1","0.0877","0.0096"
"2025-01-13","ST021","530775.54","76.61","0.4046","0.0","1.0","0.0","0.0866","0.0169"
"2025-01-13","ST022","547844.78","73.35","0.4226","0.0","1.0","0.0769","0.0857","0.0011"
"2025-01-13","ST023","743333.61","78.73","0.3938","0.0","1.0","0.0465","0.0884","0.0026"
"2025-01-13","ST024","503115.31","80.37","0.3857","0.0","1.0","0.0909","0.0908","0.0052"
"2025-01-13","ST025","868624.45","80.5","0.3851","0.0","1.0","0.1346","0.0855","0.012"
"2025-01-14","ST001","1333086.59","24.22","1.2799","0.0","1.0","0.0492","0.0984","0.0039"
"2025-01-14","ST002","1304647.08","24.14","1.2842","0.0","1.0","0.0669","0.0911","0.0099"
"2025-01-14","ST003","3033371.34","24.74","1.253","0.0","1.0","0.0894","0.0933","0.0076"
"2025-01-14","ST004","3068531.04","24.61","1.2597","0.0","1.0","0.0752","0.0935","0.0114"
"2025-01-14","ST005","1041233.74","24.52","1.2643","0.0","1.0","0.1138","0.0877","0.0143"
"2025-01-14","ST006","2943946.68","23.63","1.3121","0.0","1.0","0.0817","0.0933","0.0088"
"2025-01-14","ST007","643479.56","42.01","0.738","0.0","1.0","0.1774","0.0887","0.0078"
"2025-01-14","ST008","1715436.99","40.46","0.7662","0.0","1.0","0.1095","0.0924","0.0057"
"2025-01-14","ST009","968110.8","42.25","0.7337","0.0","1.0","0.0989","0.0904","0.009"
"2025-01-14","ST010","1410966.2","41.22","0.752","0.0","1.0","0.082","0.0909","0.0051"
"2025-01-14","ST011","1640776.94","41.57","0.7457","0.0","1.0","0.0677","0.0922","0.0078"
"2025-01-14","ST012","594571.25","41.53","0.7464","0.0","1.0","0.0533","0.0906","0.01"
"2025-01-14","ST013","1333293.49","42.71","0.7258","0.0","1.0","0.0352","0.0873","0.0118"
"2025-01-14","ST014","1361965.09","42.21","0.7344","0.0","1.0","0.0671","0.0849","0.0104"
"2025-01-14","ST015","1460390.5","41.39","0.7489","0.0","1.0","0.0893","0.0926","0.0118"
"2025-01-14","ST016","551354.71","41.14","0.7535","0.0","1.0","0.1","0.0906","0.0065"
"2025-01-14","ST017","551722.98","43.3","0.7159","0.0","1.0","0.0926","0.0946","0.0141"
"2025-01-14","ST018","1183327.03","40.9","0.7579","0.0","1.0","0.0896","0.0912","0.0052"
"2025-01-14","ST019","512247.84","77.04","0.4024","0.0","1.0","0.1471","0.0921","0.0032"
"2025-01-14","ST020","520100.38","79.97","0.3876","0.0","1.0","0.037","0.0862","0.0185"
"2025-01-14","ST021","539477.77","76.61","0.4046","0.0","1.0","0.0682","0.0928","0.0032"
"2025-01-14","ST022","541937.42","73.35","0.4226","0.0","1.0","0.122","0.0847","0.0054"
"2025-01-14","ST023","916975.56","78.73","0.3938","0.0","1.0","0.0441","0.0885","0.0086"
"2025-01-14","ST024","785476.12","80.37","0.3857","0.0","1.0","0.1321","0.0878","0.0088"
"2025-01-14","ST025","681578.91","80.5","0.3851","0.0","1.0","0.0444","0.0871","0.0106"
"2025-01-15","ST001","3298161.42","24.22","1.2799","0.0","1.0","0.0872","0.0924","0.0066"
"2025-01-15","ST002","1870450.78","24.14","1.2842","0.0","1.0","0.0723","0.0978","0.0036"
"2025-01-15","ST003","2730547.52","24.74","1.253","0.0","1.0","0.0902","0.0934","0.0055"
"2025-01-15","ST004","1997296.25","24.61","1.2597","0.0","1.0","0.0807","0.0948","0.0067"
"2025-01-15","ST005","3310175.22","24.52","1.2643","0.0","1.0","0.07","0.0941","0.0091"
"2025-01-15","ST006","2197183.61","23.63","1.3121","0.0","1.0","0.0604","0.0924","0.0075"
"2025-01-15","ST007","1265299.86","42.01","0.738","0.0","1.0","0.0753","0.0927","0.0047"
"2025-01-15","ST008","1192253.36","40.46","0.7662","0.0","1.0","0.0738","0.0898","0.0082"
"2025-01-15","ST009","1234192.92","42.25","0.7337","0.0","1.0","0.0566","0.0929","0.0074"
"2025-01-15","ST010","1195409.81","41.22","0.752","0.0","1.0","0.0217","0.0943","0.0062"
"2025-01-15","ST011","1315071.87","41.57","0.7457","0.0","1.0","0.1343","0.0907","0.0027"
"2025-01-15","ST012","1529735.49","41.53","0.7464","0.0","1.0","0.0757","0.092","0.0069"
"2025-01-15","ST013","1306985.42","42.71","0.7258","0.0","1.0","0.1214","0.0911","0.0042"
"2025-01-15","ST014","789821.5","42.21","0.7344","0.0","1.0","0.0532","0.0938","0.002"
"2025-01-15","ST015","1096978.31","41.39","0.7489","0.0","1.0","0.1081","0.0887","0.0088"
"2025-01-15","ST016","1471987.33","41.14","0.7535","0.0","1.0","0.016","0.0912","0.0097"
"2025-01-15","ST017","1911371.02","43.3","0.7159","0.0","1.0","0.1465","0.0905","0.0083"
"2025-01-15","ST018","806315.11","40.9","0.7579","0.0","1.0","0.0494","0.087","0.0107"
"2025-01-15","ST019","689645.36","77.04","0.4024","0.0","1.0","0.0488","0.0808","0.0066"
"2025-01-15","ST020","783932.04","79.97","0.3876","0.0","1.0","0.0233","0.0897","0.0115"
"2025-01-15","ST021","896487.04","76.61","0.4046","0.0","1.0","0.2368","0.0897","0.0108"
"2025-01-15","ST022","516051.08","73.35","0.4226","0.0","1.0","0.3077","0.0905","0.0027"
"2025-01-15","ST023","536507.24","78.73","0.3938","0.0","1.0","0.1667","0.086","0.0"
"2025-01-15","ST024","506500.86","80.37","0.3857","0.0","1.0","0.1923","0.0876","0.001"
"2025-01-15","ST025","483490.73","80.5","0.3851","0.0","1.0","0.1481","0.0894","0.0"
"2025-01-16","ST001","2703484.38","24.22","1.2799","0.0","1.0","0.0815","0.0903","0.0071"
"2025-01-16","ST002","3062926.86","24.14","1.2842","0.0","1.0","0.0909","0.0942","0.0083"
"2025-01-16","ST003","1408584.81","24.74","1.253","0.0","1.0","0.0638","0.0935","0.0025"
"2025-01-16","ST004","2244901.65","24.61","1.2597","0.0","1.0","0.0641","0.0921","0.0035"
"2025-01-16","ST005","1413537.78","24.52","1.2643","0.0","1.0","0.0819","0.0966","0.0092"
"2025-01-16","ST006","1332032.37","23.63","1.3121","0.0","1.0","0.0661","0.0974","0.0064"
"2025-01-16","ST007","1121700.0","42.01","0.738","0.0","1.0","0.0473","0.0937","0.008"
"2025-01-16","ST008","1419680.69","40.46","0.7662","0.0","1.0","0.0851","0.0903","0.0114"
"2025-01-16","ST009","521277.31","42.25","0.7337","0.0","1.0","0.1905","0.0963","0.0102"
"2025-01-16","ST010","1739007.72","41.22","0.752","0.0","1.0","0.0769","0.091","0.0081"
"2025-01-16","ST011","1556595.52","41.57","0.7457","0.0","1.0","0.0529","0.0945","0.0071"
"2025-01-16","ST012","1505835.32","41.53","0.7464","0.0","1.0","0.0774","0.0897","0.0063"
"2025-01-16","ST013","1590089.2","42.71","0.7258","0.0","1.0","0.0462","0.0915","0.0069"
"2025-01-16","ST014","784512.38","42.21","0.7344","0.0","1.0","0.061","0.0922","0.0113"
"2025-01-16","ST015","1302246.34","41.39","0.7489","0.0","1.0","0.0932","0.0869","0.0056"
"2025-01-16","ST016","1183435.33","41.14","0.7535","0.0","1.0","0.1181","0.0948","0.0084"
"2025-01-16","ST017","1104053.73","43.3","0.7159","0.0","1.0","0.0365","0.0938","0.0127"
"2025-01-16","ST018","1085939.12","40.9","0.7579","0.0","1.0","0.0935","0.0884","0.0056"
"2025-01-16","ST019","923094.38","77.04","0.4024","0.0","1.0","0.0556","0.091","0.0032"
"2025-01-16","ST020","817058.31","79.97","0.3876","0.0","1.0","0.0196","0.0925","0.0056"
"2025-01-16","ST021","512463.33","76.61","0.4046","0.0","1.0","0.025","0.0889","0.0022"
"2025-01-16","ST022","487171.91","73.35","0.4226","0.0","1.0","0.0385","0.0861","0.0119"
"2025-01-16","ST023","464204.24","78.73","0.3938","0.0","1.0","0.1935","0.0884","0.0097"
"2025-01-16","ST024","567598.35","80.37","0.3857","0.0","1.0","0.0952","0.0823","0.0059"
"2025-01-16","ST025","556471.53","80.5","0.3851","0.0","1.0","0.1818","0.0871","0.0026"
"2025-01-17","ST001","1704914.15","24.22","1.2799","0.0","1.0","0.0568","0.0974","0.0089"
"2025-01-17","ST002","2980705.29","24.14","1.2842","0.0","1.0","0.0887","0.095","0.0111"
"2025-01-17","ST003","1652427.29","24.74","1.253","0.0","1.0","0.0794","0.0934","0.0119"
"2025-01-17","ST004","1566785.64","24.61","1.2597","0.0","1.0","0.1196","0.094","0.0154"
"2025-01-17","ST005","2889330.66","24.52","1.2643","0.0","1.0","0.082","0.094","0.0089"
"2025-01-17","ST006","2278852.94","23.63","1.3121","0.0","1.0","0.0886","0.0924","0.0078"
"2025-01-17","ST007","1640368.82","42.01","0.738","0.0","1.0","0.0876","0.0914","0.0107"
"2025-01-17","ST008","1131920.5","40.46","0.7662","0.0","1.0","0.0608","0.0879","0.006"
"2025-01-17","ST009","863405.72","42.25","0.7337","0.0","1.0","0.0556","0.0877","0.0056"
"2025-01-17","ST010","999032.13","41.22","0.752","0.0","1.0","0.0833","0.0886","0.0065"
"2025-01-17","ST011","887440.13","41.57","0.7457","0.0","1.0","0.0588","0.0881","0.004"
"2025-01-17","ST012","716114.65","41.53","0.7464","0.0","1.0","0.1212","0.096","0.0052"
"2025-01-17","ST013","815439.76","42.71","0.7258","0.0","1.0","0.027","0.0887","0.0093"
"2025-01-17","ST014","676212.75","42.21","0.7344","0.0","1.0","0.0735","0.09","0.0126"
"2025-01-17","ST015","1671700.82","41.39","0.7489","0.0","1.0","0.0979","0.0953","0.0114"
"2025-01-17","ST016","1427227.74","41.14","0.7535","0.0","1.0","0.0798","0.0919","0.0091"
"2025-01-17","ST017","1004728.41","43.3","0.7159","0.0","1.0","0.0847","0.092","0.0053"
"2025-01-17","ST018","1756019.15","40.9","0.7579","0.0","1.0","0.1088","0.0893","0.0145"
"2025-01-17","ST019","655982.5","77.04","0.4024","0.0","1.0","0.2222","0.092","0.021"
"2025-01-17","ST020","498737.25","79.97","0.3876","0.0","1.0","0.1379","0.0932","0.0"
"2025-01-17","ST021","865349.53","76.61","0.4046","0.0","1.0","0.0943","0.0904","0.0015"
"2025-01-17","ST022","573413.58","73.35","0.4226","0.0","1.0","0.0","0.0828","0.001"
"2025-01-17","ST023","795468.07","78.73","0.3938","0.0","1.0","0.0952","0.0925","0.0026"
"2025-01-17","ST024","565085.36","80.37","0.3857","0.0","1.0","0.0","0.0868","0.0147"
"2025-01-17","ST025","1095888.59","80.5","0.3851","0.0","1.0","0.0833","0.0865","0.0106"
"2025-01-18","ST001","2192310.19","24.22","1.2799","0.0","1.0","0.1354","0.0954","0.0097"
"2025-01-18","ST002","3349555.78","24.14","1.2842","0.0","1.0","0.0753","0.0958","0.0086"
"2025-01-18","ST003","2232327.67","24.74","1.253","0.0","1.0","0.0991","0.0962","0.0097"
"2025-01-18","ST004","1335474.26","24.61","1.2597","0.0","1.0","0.0579","0.0938","0.011"
"2025-01-18","ST005","2972149.49","24.52","1.2643","0.0","1.0","0.0889","0.0952","0.0103"
"2025-01-18","ST006","2353033.47","23.63","1.3121","0.0","1.0","0.0617","0.0954","0.0095"
"2025-01-18","ST007","1291231.17","42.01","0.738","0.0","1.0","0.0962","0.0898","0.0066"
"2025-01-18","ST008","1299700.01","40.46","0.7662","0.0","1.0","0.0124","0.0893","0.005"
"2025-01-18","ST009","1553501.07","42.25","0.7337","0.0","1.0","0.0628","0.0879","0.0064"
"2025-01-18","ST010","766114.25","41.22","0.752","0.0","1.0","0.0918","0.0892","0.0036"
"2025-01-18","ST011","741878.28","41.57","0.7457","0.0","1.0","0.2603","0.0918","0.0083"
"2025-01-18","ST012","1201205.37","41.53","0.7464","0.0","1.0","0.0625","0.0917","0.0096"
"2025-01-18","ST013","1183199.63","42.71","0.7258","0.0","1.0","0.0523","0.0889","0.0087"
"2025-01-18","ST014","1706915.97","42.21","0.7344","0.0","1.0","0.1218","0.0962","0.0057"
"2025-01-18","ST015","907250.45","41.39","0.7489","0.0","1.0","0.0336","0.092","0.0086"
"2025-01-18","ST016","904271.65","41.14","0.7535","0.0","1.0","0.0792","0.0908","0.0124"
"2025-01-18","ST017","1321595.35","43.3","0.7159","0.0","1.0","0.0875","0.0913","0.0107"
"2025-01-18","ST018","587606.12","40.9","0.7579","0.0","1.0","0.044","0.0905","0.0118"
"2025-01-18","ST019","521607.36","77.04","0.4024","0.0","1.0","0.1522","0.0877","0.0111"
"2025-01-18","ST020","824338.24","79.97","0.3876","0.0","1.0","0.0714","0.0912","0.0111"
"2025-01-18","ST021","769984.84","76.61","0.4046","0.0","1.0","0.0759","0.0932","0.0156"
"2025-01-18","ST022","546881.49","73.35","0.4226","0.0","1.0","0.1333","0.0875","0.0009"
"2025-01-18","ST023","596333.0","78.73","0.3938","0.0","1.0","0.0588","0.0904","0.0112"
"2025-01-18","ST024","438362.03","80.37","0.3857","0.0","1.0","0.0968","0.0877","0.0162"
"2025-01-18","ST025","725590.17","80.5","0.3851","0.0","1.0","0.0714","0.0892","0.0115"
"2025-01-19","ST001","1765765.52","24.22","1.2799","0.0","1.0","0.0833","0.0974","0.0083"
"2025-01-19","ST002","2958437.91","24.14","1.2842","0.0","1.0","0.1146","0.0959","0.0091"
"2025-01-19","ST003","2304987.64","24.74","1.253","0.0","1.0","0.0804","0.0954","0.0048"
"2025-01-19","ST004","991155.08","24.61","1.2597","0.0","1.0","0.127","0.0968","0.0049"
"2025-01-19","ST005","1097010.87","24.52","1.2643","0.0","1.0","0.0588","0.0955","0.0089"
"2025-01-19","ST006","2367674.33","23.63","1.3121","0.0","1.0","0.0798","0.0981","0.0086"
"2025-01-19","ST007","936429.69","42.01","0.738","0.0","1.0","0.1531","0.0909","0.0196"
"2025-01-19","ST008","1135727.63","40.46","0.7662","0.0","1.0","0.1042","0.0896","0.0045"
"2025-01-19","ST009","1242023.69","42.25","0.7337","0.0","1.0","0.0567","0.091","0.011"
"2025-01-19","ST010","1409543.6","41.22","0.752","0.0","1.0","0.0307","0.0903","0.0109"
"2025-01-19","ST011","1121948.93","41.57","0.7457","0.0","1.0","0.0629","0.0914","0.0053"
"2025-01-19","ST012","1061019.85","41.53","0.7464","0.0","1.0","0.1353","0.0901","0.0048"
"2025-01-19","ST013","1012987.47","42.71","0.7258","0.0","1.0","0.065","0.0937","0.0107"
"2025-01-19","ST014","1395741.38","42.21","0.7344","0.0","1.0","0.0819","0.0916","0.0123"
"2025-01-19","ST015","1012471.63","41.39","0.7489","0.0","1.0","0.0427","0.0932","0.0084"
"2025-01-19","ST016","1170310.17","41.14","0.7535","0.0","1.0","0.0909","0.0874","0.0102"
"2025-01-19","ST017","1227465.88","43.3","0.7159","0.0","1.0","0.0896","0.0885","0.0131"
"2025-01-19","ST018","685052.66","40.9","0.7579","0.0","1.0","0.087","0.0966","0.0125"
"2025-01-19","ST019","403411.95","77.04","0.4024","0.0","1.0","0.1","0.082","0.0067"
"2025-01-19","ST020","528280.36","79.97","0.3876","0.0","1.0","0.1081","0.091","0.0101"
"2025-01-19","ST021","807698.89","76.61","0.4046","0.0","1.0","0.0678","0.0905","0.0022"
"2025-01-19","ST022","800822.13","73.35","0.4226","0.0","1.0","0.0566","0.0906","0.0106"
"2025-01-19","ST023","958426.2","78.73","0.3938","0.0","1.0","0.0317","0.0895","0.0086"
"2025-01-19","ST024","687791.69","80.37","0.3857","0.0","1.0","0.075","0.0919","0.0048"
"2025-01-19","ST025","990764.49","80.5","0.3851","0.0","1.0","0.2083","0.0879","0.0142"
"2025-01-20","ST001","2140872.47","24.22","1.2799","0.0","1.0","0.0529","0.0947","0.0044"
"2025-01-20","ST002","1832878.21","24.14","1.2842","0.0","1.0","0.0669","0.0958","0.0027"
"2025-01-20","ST003","2924646.38","24.74","1.253","0.0","1.0","0.0809","0.0957","0.0087"
"2025-01-20","ST004","3044016.69","24.61","1.2597","0.0","1.0","0.0617","0.0922","0.0054"
"2025-01-20","ST005","1866229.02","24.52","1.2643","0.0","1.0","0.047","0.0956","0.0063"
"2025-01-20","ST006","897699.11","23.63","1.3121","0.0","1.0","0.1006","0.0971","0.0057"
"2025-01-20","ST007","994605.97","42.01","0.738","0.0","1.0","0.1894","0.0924","0.011"
"2025-01-20","ST008","599201.33","40.46","0.7662","0.0","1.0","0.1385","0.0943","0.0037"
"2025-01-20","ST009","1728792.33","42.25","0.7337","0.0","1.0","0.0647","0.0897","0.0097"
"2025-01-20","ST010","1367118.54","41.22","0.752","0.0","1.0","0.0533","0.0923","0.0076"
"2025-01-20","ST011","1687901.26","41.57","0.7457","0.0","1.0","0.1222","0.0909","0.0067"
"2025-01-20","ST012","893045.04","41.53","0.7464","0.0","1.0","0.1358","0.0904","0.0065"
"2025-01-20","ST013","1101896.18","42.71","0.7258","0.0","1.0","0.0952","0.0912","0.0075"
"2025-01-20","ST014","740214.28","42.21","0.7344","0.0","1.0","0.0575","0.0909","0.0089"
"2025-01-20","ST015","1890699.73","41.39","0.7489","0.0","1.0","0.0452","0.0895","0.0075"
"2025-01-20","ST016","1385270.86","41.14","0.7535","0.0","1.0","0.1091","0.0901","0.0153"
"2025-01-20","ST017","1080104.53","43.3","0.7159","0.0","1.0","0.0234","0.09","0.0069"
"2025-01-20","ST018","720631.96","40.9","0.7579","0.0","1.0","0.1236","0.0908","0.0061"
"2025-01-20","ST019","456369.23","77.04","0.4024","0.0","1.0","0.0811","0.0896","0.0057"
"2025-01-20","ST020","727504.57","79.97","0.3876","0.0","1.0","0.0769","0.0897","0.0085"
"2025-01-20","ST021","870792.68","76.61","0.4046","0.0","1.0","0.1064","0.0848","0.0057"
"2025-01-20","ST022","691199.89","73.35","0.4226","0.0","1.0","0.0227","0.0857","0.0103"
"2025-01-20","ST023","591991.52","78.73","0.3938","0.0","1.0","0.0625","0.0863","0.0064"
"2025-01-20","ST024","860755.74","80.37","0.3857","0.0","1.0","0.1481","0.0877","0.0142"
"2025-01-20","ST025","720333.54","80.5","0.3851","0.0","1.0","0.0278","0.0913","0.008"
"2025-01-21","ST001","2403613.2","24.22","1.2799","0.0","1.0","0.0702","0.0936","0.0045"
"2025-01-21","ST002","3353986.91","24.14","1.2842","0.0","1.0","0.0852","0.096","0.0087"
"2025-01-21","ST003","1269986.61","24.74","1.253","0.0","1.0","0.094","0.0951","0.0178"
"2025-01-21","ST004","978253.13","24.61","1.2597","0.0","1.0","0.1012","0.0942","0.0153"
"2025-01-21","ST005","1378912.8","24.52","1.2643","0.0","1.0","0.0588","0.0948","0.0093"
"2025-01-21","ST006","973873.47","23.63","1.3121","0.0","1.0","0.1208","0.0921","0.0087"
"2025-01-21","ST007","922638.44","42.01","0.738","0.0","1.0","0.0545","0.0887","0.0036"
"2025-01-21","ST008","1004436.07","40.46","0.7662","0.0","1.0","0.0412","0.0927","0.0035"
"2025-01-21","ST009","1049436.6","42.25","0.7337","0.0","1.0","0.0413","0.0915","0.0087"
"2025-01-21","ST010","1470577.13","41.22","0.752","0.0","1.0","0.0642","0.0892","0.0124"
"2025-01-21","ST011","824129.08","41.57","0.7457","0.0","1.0","0.0353","0.0885","0.0085"
"2025-01-21","ST012","1333872.11","41.53","0.7464","0.0","1.0","0.0829","0.0868","0.0082"
"2025-01-21","ST013","918330.31","42.71","0.7258","0.0","1.0","0.0612","0.089","0.0083"
"2025-01-21","ST014","901945.73","42.21","0.7344","0.0","1.0","0.1165","0.0896","0.0133"
"2025-01-21","ST015","1313988.63","41.39","0.7489","0.0","1.0","0.021","0.0882","0.0071"
"2025-01-21","ST016","1728318.33","41.14","0.7535","0.0","1.0","0.0867","0.0878","0.0079"
"2025-01-21","ST017","1710323.08","43.3","0.7159","0.0","1.0","0.1111","0.0881","0.0085"
"2025-01-21","ST018","1478982.56","40.9","0.7579","0.0","1.0","0.0645","0.0911","0.0077"
"2025-01-21","ST019","709080.18","77.04","0.4024","0.0","1.0","0.16","0.0827","0.0042"
"2025-01-21","ST020","574978.21","79.97","0.3876","0.0","1.0","0.2903","0.0838","0.0182"
"2025-01-21","ST021","796213.28","76.61","0.4046","0.0","1.0","0.15","0.0923","0.0118"
"2025-01-21","ST022","491449.57","73.35","0.4226","0.0","1.0","0.0606","0.0853","0.0069"
"2025-01-21","ST023","813693.44","78.73","0.3938","0.0","1.0","0.0227","0.0791","0.0026"
"2025-01-21","ST024","696932.78","80.37","0.3857","0.0","1.0","0.075","0.0855","0.0056"
"2025-01-21","ST025","671115.4","80.5","0.3851","0.0","1.0","0.0286","0.0879","0.0083"
"2025-01-22","ST001","1642779.3","24.22","1.2799","0.0","1.0","0.0532","0.0948","0.0077"
"2025-01-22","ST002","1537970.79","24.14","1.2842","0.0","1.0","0.0772","0.0924","0.0081"
"2025-01-22","ST003","1155529.25","24.74","1.253","0.0","1.0","0.11","0.0926","0.0112"
"2025-01-22","ST004","2672878.1","24.61","1.2597","0.0","1.0","0.0631","0.0914","0.0096"
"2025-01-22","ST005","1607118.76","24.52","1.2643","0.0","1.0","0.0599","0.0928","0.0096"
"2025-01-22","ST006","2306305.72","23.63","1.3121","0.0","1.0","0.0738","0.0971","0.0073"
"2025-01-22","ST007","1127786.11","42.01","0.738","0.0","1.0","0.1111","0.0924","0.0088"
"2025-01-22","ST008","1183298.02","40.46","0.7662","0.0","1.0","0.0779","0.0987","0.01"
"2025-01-22","ST009","609807.61","42.25","0.7337","0.0","1.0","0.0909","0.0859","0.0039"
"2025-01-22","ST010","647502.58","41.22","0.752","0.0","1.0","0.0635","0.0883","0.0086"
"2025-01-22","ST011","1433645.08","41.57","0.7457","0.0","1.0","0.0654","0.0901","0.0102"
"2025-01-22","ST012","1228922.32","41.53","0.7464","0.0","1.0","0.1194","0.0889","0.0076"
"2025-01-22","ST013","1568580.63","42.71","0.7258","0.0","1.0","0.1319","0.0907","0.0067"
"2025-01-22","ST014","1558760.87","42.21","0.7344","0.0","1.0","0.0851","0.09","0.0068"
"2025-01-22","ST015","503826.84","41.39","0.7489","0.0","1.0","0.0864","0.0928","0.0043"
"2025-01-22","ST016","587814.08","41.14","0.7535","0.0","1.0","0.0533","0.0875","0.0017"
"2025-01-22","ST017","1119903.91","43.3","0.7159","0.0","1.0","0.0813","0.0927","0.0095"
"2025-01-22","ST018","1682906.32","40.9","0.7579","0.0","1.0","0.0487","0.0909","0.0076"
"2025-01-22","ST019","1019419.25","77.04","0.4024","0.0","1.0","0.1231","0.0896","0.0082"
"2025-01-22","ST020","785728.69","79.97","0.3876","0.0","1.0","0.1429","0.0886","0.005"
"2025-01-22","ST021","917594.5","76.61","0.4046","0.0","1.0","0.0444","0.0886","0.0048"
"2025-01-22","ST022","776969.04","73.35","0.4226","0.0","1.0","0.2195","0.0836","0.0011"
"2025-01-22","ST023","550296.04","78.73","0.3938","0.0","1.0","0.0455","0.0882","0.0061"
"2025-01-22","ST024","455828.66","80.37","0.3857","0.0","1.0","0.1667","0.0892","0.0124"
"2025-01-22","ST025","804475.92","80.5","0.3851","0.0","1.0","0.1702","0.0877","0.0114"
"2025-01-23","ST001","2618955.53","24.22","1.2799","0.0","1.0","0.0719","0.0952","0.008"
"2025-01-23","ST002","1237805.3","24.14","1.2842","0.0","1.0","0.1042","0.0921","0.0079"
"2025-01-23","ST003","875048.47","24.74","1.253","0.0","1.0","0.07","0.0978","0.004"
"2025-01-23","ST004","980896.49","24.61","1.2597","0.0","1.0","0.0708","0.092","0.0112"
"2025-01-23","ST005","2700010.93","24.52","1.2643","0.0","1.0","0.1031","0.0939","0.0074"
"2025-01-23","ST006","1182767.22","23.63","1.3121","0.0","1.0","0.0558","0.0994","0.0087"
"2025-01-23","ST007","925699.15","42.01","0.738","0.0","1.0","0.0463","0.0898","0.0124"
"2025-01-23","ST008","773936.73","40.46","0.7662","0.0","1.0","0.1171","0.094","0.0127"
"2025-01-23","ST009","728345.3","42.25","0.7337","0.0","1.0","0.1224","0.0886","0.0055"
"2025-01-23","ST010","1208397.08","41.22","0.752","0.0","1.0","0.0508","0.0872","0.0023"
"2025-01-23","ST011","1238370.64","41.57","0.7457","0.0","1.0","0.0652","0.0907","0.0106"
"2025-01-23","ST012","956831.01","41.53","0.7464","0.0","1.0","0.0673","0.0894","0.0061"
"2025-01-23","ST013","1668752.95","42.71","0.7258","0.0","1.0","0.0722","0.0921","0.011"
"2025-01-23","ST014","875038.11","42.21","0.7344","0.0","1.0","0.045","0.0914","0.0053"
"2025-01-23","ST015","1745343.09","41.39","0.7489","0.0","1.0","0.0876","0.0903","0.0092"
"2025-01-23","ST016","1774719.05","41.14","0.7535","0.0","1.0","0.0859","0.0896","0.0111"
"2025-01-23","ST017","1455034.32","43.3","0.7159","0.0","1.0","0.0702","0.0876","0.0069"
"2025-01-23","ST018","1140004.38","40.9","0.7579","0.0","1.0","0.0333","0.0866","0.0119"
"2025-01-23","ST019","709911.95","77.04","0.4024","0.0","1.0","0.12","0.0856","0.0086"
"2025-01-23","ST020","479565.11","79.97","0.3876","0.0","1.0","0.1622","0.09","0.0146"
"2025-01-23","ST021","628869.23","76.61","0.4046","0.0","1.0","0.0909","0.0881","0.0187"
"2025-01-23","ST022","542059.4","73.35","0.4226","0.0","1.0","0.027","0.0809","0.0091"
"2025-01-23","ST023","856029.76","78.73","0.3938","0.0","1.0","0.05","0.0907","0.0048"
"2025-01-23","ST024","931706.55","80.37","0.3857","0.0","1.0","0.1071","0.088","0.0122"
"2025-01-23","ST025","543175.68","80.5","0.3851","0.0","1.0","0.0513","0.0883","0.0068"
"2025-01-24","ST001","3261419.65","24.22","1.2799","0.0","1.0","0.0782","0.0961","0.0098"
"2025-01-24","ST002","1218489.37","24.14","1.2842","0.0","1.0","0.1139","0.096","0.0119"
"2025-01-24","ST003","2290220.9","24.74","1.253","0.0","1.0","0.088","0.0968","0.009"
"2025-01-24","ST004","2289561.43","24.61","1.2597","0.0","1.0","0.0749","0.098","0.0078"
"2025-01-24","ST005","1374337.35","24.52","1.2643","0.0","1.0","0.0634","0.0955","0.0043"
"2025-01-24","ST006","1006287.81","23.63","1.3121","0.0","1.0","0.101","0.0961","0.0082"
"2025-01-24","ST007","531725.92","42.01","0.738","0.0","1.0","0.0946","0.0943","0.0045"
"2025-01-24","ST008","1526241.71","40.46","0.7662","0.0","1.0","0.0777","0.0949","0.0045"
"2025-01-24","ST009","1239236.58","42.25","0.7337","0.0","1.0","0.0802","0.0917","0.0113"
"2025-01-24","ST010","1215442.11","41.22","0.752","0.0","1.0","0.1212","0.0904","0.0089"
"2025-01-24","ST011","843548.98","41.57","0.7457","0.0","1.0","0.06","0.093","0.0012"
"2025-01-24","ST012","821675.06","41.53","0.7464","0.0","1.0","0.0673","0.0895","0.0054"
"2025-01-24","ST013","1156584.82","42.71","0.7258","0.0","1.0","0.0845","0.0915","0.0054"
"2025-01-24","ST014","1484137.24","42.21","0.7344","0.0","1.0","0.1517","0.0916","0.009"
"2025-01-24","ST015","1147774.95","41.39","0.7489","0.0","1.0","0.0701","0.0915","0.0058"
"2025-01-24","ST016","723185.92","41.14","0.7535","0.0","1.0","0.0417","0.0907","0.0035"
"2025-01-24","ST017","1756548.83","43.3","0.7159","0.0","1.0","0.0491","0.089","0.0076"
"2025-01-24","ST018","1554181.72","40.9","0.7579","0.0","1.0","0.0219","0.0923","0.005"
"2025-01-24","ST019","531347.39","77.04","0.4024","0.0","1.0","0.0952","0.094","0.013"
"2025-01-24","ST020","485220.89","79.97","0.3876","0.0","1.0","0.1667","0.0845","0.0213"
"2025-01-24","ST021","652422.76","76.61","0.4046","0.0","1.0","0.0244","0.0901","0.0099"
"2025-01-24","ST022","482664.98","73.35","0.4226","0.0","1.0","0.25","0.0884","0.0041"
"2025-01-24","ST023","789562.68","78.73","0.3938","0.0","1.0","0.1163","0.0859","0.0128"
"2025-01-24","ST024","897492.08","80.37","0.3857","0.0","1.0","0.0274","0.0882","0.004"
"2025-01-24","ST025","460123.08","80.5","0.3851","0.0","1.0","0.0244","0.0863","0.0063"
